recovery_run_id,case_id,source_session_id,source_row,original_input,original_note,original_output,user_turns,assistant_clarifications,resolved_input,primary_intent,secondary_intent,output_format,execution_status,clarification_status,context_required,gold_status,exclude_reason,review_notes,source_trace_id,snapshot_at
recovery_20260916T025538_137811Z,case_0001,50fd7909-0f3f-4e86-94fc-a2c0bf6d1b2a,2,UPS 主协议里的量是包含了Roadie的。Roadie多了，也算UPS。所以这个不需要有顾虑。,,"扫描完成(7/1–8/31 共 62 天,口径与你团队表格一致,新增 FEDEX_ECONOMY 列)。结果分三部分:

## 一、先验证团队表格的四条线(7–8 月全量 vs 他们的单周样本)

| 线路 | UPS_GROUND | FEDEX_GROUND | FEDEX_HOME | 合计 | **合计日均** | UPS日均 | 团队表日均 |
|---|---|---|---|---|---|---|---|
| SAV集群→MIA | 6,335 | 6,217 | 22,252 | 35,134 | **566.7** | 102.2 | 556.7 ✓ |
| SAV集群→ATL2 | 9,375 | 2,763 | 14,941 | 27,423 | **442.3** | 151.2 | 410.9 ✓ |
| SAV集群→TPA | 5,109 | 2,334 | 16,881 | 24,592 | **396.6** | 82.4 | 381.4 ✓ |
| SAV集群→ORL | 4,952 | 2,204 | 16,268 | 23,667 | **381.7** | 79.9 | 373.3 ✓ |

**四条全部验证通过**,两个月口径比单周样本还高 3–8%(量在涨)。FedEx Home Delivery 占 63–69%,住宅件为主——Roadie 的主场。这四条作为 Phase III 基本盘没有问题,合计 **1,787 件/天**。

## 二、扫描出的新增候选(同口径,按日均排序)

| 线路 | 合计日均 | UPS日均 | FDX住宅占比 | 评价 |
|---|---|---|---|---|
| CAP+CAR→**SFO** | **447.8** | 155.2 | 54% | 量最大,但 400mi 干线需 Roadie 确认 |
| CAP+CAR→**PHX** | **380.9** | 144.8 | 53% | 340mi,量足 1–2 车/天 |
| HOU双仓→**AUS** | **362.5** | 147.6 | 49% | 150mi,最短最顺的一条 |
| SAV集群→**CLT 夏洛特** | **313.3** | 96.9 | 58% | 260mi,东南板块第五城 |
| NJ双仓→**RIC 里士满** | 283.8 | 97.8 | 56% | 250mi,可与 Phase 2 的 DCA 共用发车节奏 |
| SAV集群→**RDU 罗利** | 245.4 | 58.2 | 65% | 340mi,与 CLT 可同期评估 |
| NJ双仓→**HVN 康州** | 229.1 | 85.1 | 54% | 170mi |
| CAP+CAR→SAC | 189.4 | 40.0 | 69% | 430mi 长干线,暂缓 |
| CAP+CAR→LVS | 172.2 | 72.1 | 49% | 一车装不满 2/3,观察 |
| SAV集群→JAX | 159.3 | 52.7 | 56% | 量薄,等免干线费后开 |
| CHI→DET | 138.5 | 41.3 | 60% | 同上 |
| CHI→IND/CVG/MKE/STL/CLE/CMH、CAT→SFO/SAC | 41–104 | — | — | 全部太薄,不够一车,放弃 |

## 三、Phase III 建议方案

**推荐打包 8 条线**:团队的 4 条(MIA/ATL2/TPA/ORL)+ **PHX、AUS、CLT**,SFO 作为第 8 条带条件加入(先问 Roadie 400mi 干线接不接)。

- 合计 **≈3,290 件/天(2.3 万件/周)**,每条都 ≥310 件/天,稳定装满 1–2 车;
- 新增月账单约 **$120 万**,叠加现有盘子(Phase 1+2 后约 $200 万+)——**Phase 1 取货费直接锁死 $0 档($136.6 万线),Phase III 自身也稳进各自费率表的最高档**;
- 住宅件占比 49–69%,UPS 件如你所说计入 UPS 主协议,切了还帮 13.5 万/周凑数,没有内耗。

**第二波储备**(RIC/RDU/HVN,合计 758 件/天):建议放在 Phase III 落地 1–2 个月后跟进,或者作为和 Roadie 谈判时""你们把取货费和 SFO 干线答应下来,我们连这三条一起上""的加码筹码。

需要我按团队表格的格式把这份完整测算导出 Excel,或者直接起草 Phase III 的英文提案?",UPS 主协议里的量是包含了Roadie的。Roadie多了，也算UPS。所以这个不需要有顾虑。,,用户澄清：UPS 主协议中的量已包含 Roadie，Roadie 增加的量也计入 UPS，因此后续涉及 UPS/Roadie 量的方案评估无需顾虑该口径冲突。请结合已有上下文继续完善相关线路筛选与 Phase III 方案建议。,业务分析与决策,线路规划与 Phase III 方案建议,分析报告与方案建议,成功,已完成澄清,上下文不足,待重制-上下文案例,,首轮仅为业务口径澄清，缺少被澄清的原始任务；Assistant 输出中的日期、线路、金额、量级均未在用户输入中确认，不能直接作为已验证 Gold；需回补原始任务和团队表格口径。,,2026-09-16T02:55:38.137811Z
recovery_20260916T025538_137811Z,case_0002,50fd7909-0f3f-4e86-94fc-a2c0bf6d1b2a,3,这个表格你考虑了只是zipcode吧？是否有考虑价格是否划算的因素？,,"补上了。结论先说:**四条线在价格上全部成立,而且干净得出乎意料——99.2% 的包裹切过去都省钱**。

## 逐包价格比对结果(7/1–8/31,系统成本 vs Roadie MSA 档位价)

| 线 | 比对件数¹ | 现状成本/件 | Roadie档位价/件 | **划算件占比** | 毛节省(62天) | 不划算件 | 拖累金额 |
|---|---|---|---|---|---|---|---|
| MIA | 37,556 | $18.33 | $12.01 | **99.2%** | $237,690 | 299 | −$355 |
| ATL2 | 28,915 | $19.54 | $12.10 | **99.2%** | $215,346 | 237 | −$351 |
| TPA | 26,514 | $18.93 | $12.15 | **99.2%** | $179,972 | 202 | −$299 |
| ORL | 18,652 | $18.55 | $12.10 | **99.2%** | $120,659 | 145 | −$233 |
| **合计** | 111,637 | $18.8 | $12.1 | **99.2%** | **$753,667** | 883 | −$1,238 |

¹ 这次快查用 zip3 圈定(比 Excel 的 zip5 精确口径宽 4–6%),比例结论不受影响。**超限件为零**。

## 为什么这四条线经济性特别干净

之前本地切换分析里""UPS 本地件不划算""的问题,在这四条线上不存在——因为萨凡纳发迈阿密/亚特兰大对 UPS/FedEx 是 **Zone 3–4 远区价**(均价 $18–20),而 Roadie 全国一口价 $12 上下,单件差价 $6.2–7.4,连 UPS Ground 件都全面划算。不划算的 883 件(0.8%)全是被顶到 XL/Huge 档的边界件,拖累总共 $1,238,忽略不计,执行时规则性排除即可。

## 完整的""划算""三层账(62 天折算)

| 层 | 金额 | 说明 |
|---|---|---|
| 毛节省 | **$12,160/天** | 上表,vs 裸档位价 |
| − 附加费 | ~−$700/天 | GA/FL 无州费,仅部分 zip RDF/DCF(~3–4%) |
| − 取货费 | ~−$3,200/天 | ~6 车/天 ×$550(按 Phase 2 报价逻辑最高档;若 Phase III 另报价需重算) |
| **净省** | **≈$8,200/天 ≈ $25 万/月 ≈ 年化 $300 万** | |

**回答你的问题**:那张英文表是纯量表,没含价格判断;现在价格账补完——四条线不仅量够(1,787 件/天),经济性也是所有已开线路里最好的一档(单件毛差 $6+,比 Phase 2 的 DCA/BOS 还高)。唯一的价格变量是 **Phase III 的取货费表 Roadie 还没报**,拿到后套进去即可,只要不超过 $1,900/车,这四条线都稳赚。

要不要我在那份英文 Excel 里加一个 ""Economics"" sheet(每条线的成本对比和净省测算,内部版),或者保持对外版纯量、另出一份内部版?",这个表格你考虑了只是zipcode吧？是否有考虑价格是否划算的因素？,,请确认已有线路量表的圈选口径是否仅基于 zipcode；如是，请补充价格是否划算的经济性分析，比较现有承运成本与 Roadie 档位价，并给出各线路是否值得切换的结论。,业务分析与决策,价格经济性与成本对比分析,价格对比分析表,成功,无需澄清,已具备,待独立验证,,价格对比依赖 zip3 快查口径、Roadie MSA 档位价和附加费假设；Assistant 给出的节省额、净省和取货费阈值均需用原始成本数据独立复核。,,2026-09-16T02:55:38.137811Z
recovery_20260916T025538_137811Z,case_0003,50fd7909-0f3f-4e86-94fc-a2c0bf6d1b2a,4,先在经济性的基础上先看量，我要给Roadie一个量的数字，然后他们去计算line haul的成本，然后给我们单车的价格。,,"新表已发送:**[RXD_PhaseIII_Volume_Profile_for_LineHaul_Pricing.xlsx](roadie_report/RXD_PhaseIII_Volume_Profile_for_LineHaul_Pricing.xlsx)**——这就是给 Roadie 的""量数字"",他们拿去算干线成本、回报单车价。

## 给 Roadie 的承诺量(经济性过滤后,zip5 精确口径)

| Lane | Avg/Day | Avg/Week | 周一峰值(×1.5) | 均重 | 日立方 | 日重量 |
|---|---|---|---|---|---|---|
| **MIA** — Miami | **562** | 3,934 | 843 | 56.7 lb | 2,450 ft³ | 31,864 lb |
| **ATL2** — Atlanta | **439** | 3,070 | 658 | 58.7 lb | 1,921 ft³ | 25,741 lb |
| **TPA** — Tampa | **394** | 2,755 | 590 | 58.9 lb | 1,736 ft³ | 23,182 lb |
| **ORL** — Orlando | **379** | 2,652 | 568 | 59.0 lb | 1,678 ft³ | 22,352 lb |
| **TOTAL** | **1,773** | **12,411** | 2,659 | 58.2 | 7,785 ft³ | 103,140 lb |

## 这版和纯量表的差别

1. **数字已按经济性收敛**:剔除了 0.8% 不划算件(XL/Huge 边界件)和超限件,从 1,787/天 收到 **1,773/天**——这是我们真敢承诺、真会切的量,不会开线后缩水打脸;
2. **专为他们的 line haul 测算加了四组参数**:档位构成(S/M 46% / Large 53%)、单件均重与立方、**每日总立方和总重量**——MIA 日均 2,450 ft³/31,900 lb,正好一台 53 尺挂的量,他们的运力规划一眼就能落;附带周一 1.5× 峰值因子提示备车;
3. **写明了单点取货**:萨凡纳园区三仓合并、一个 dock 约车窗口、5AM 备货、周日–周五发运;
4. **成本信息零泄露**:我们的现状运费、节省测算全部不在表里,最后一行只写""请按以上量报每车干线价格""。

## 收到报价后的判断标尺(内部记住这个数)

四条线毛节省约 **$12,000/天**。按每条线日均 1–2 车、合计约 5–6 车/天算:**只要他们报的单车价不超过 ~$1,900/车,四条线全部净赚**;若能压到 Phase 2 那张表的 $550 档,净省约 $8,000+/天(年化 ~$300 万)。报价回来后把数字发我,一分钟出净账对比。",先在经济性的基础上先看量，我要给Roadie一个量的数字，然后他们去计算line haul的成本，然后给我们单车的价格。,,请在经济性过滤后的基础上，整理需要提供给 Roadie 的业务量数字（线路维度），供其计算 line haul 成本并反馈单车价格；交付物应包含可直接对外的量数据。,数据查询与交付,运量数据交付/对外报价支撑,Excel 运量表,成功,无需澄清,已具备,待独立验证,,量数据基于前序经济性过滤和 zip5 口径；文件生成成功但业务结论未独立验证；Excel 中的承诺量、重量、立方和峰值因子需复核。,,2026-09-16T02:55:38.137811Z
recovery_20260916T025538_137811Z,case_0004,50fd7909-0f3f-4e86-94fc-a2c0bf6d1b2a,5,我们分析一下，现在UPS ground的量，能够落在Roadie SFO和PHX的有多少？,,"查完了。结论先说：**近30天（8/12–9/10）UPS Ground 落在 Roadie SFO 覆盖区的有 6,816 单（约 227/天），PHX 覆盖区 5,902 单（约 197/天）**；剔除干线上够不着的远仓后，可实际切换的量约 **SFO 181/天、PHX 163/天**。这两个 CD 目前 Roadie 量为零（现有 Roadie 单集中在 NYC/NJ/PHL/HOU/LA/CHI/DAL/BOS/DCA，94/95/85 开头 zip 一单没有），所以以上全部是纯增量。

## 分仓明细（30天，UPS Ground，MSA 3.23.26 分档 + 成本>Roadie价 双过滤）

**SFO 覆盖区（湾区 324 个 zip）**

| 仓库 | 30天单量 | 日均 | S/M | Large | 单均差价 |
|---|---|---|---|---|---|
| CAR | 3,071 | 102 | 1,269 | 1,783 | $6.89 |
| CAP | 1,888 | 63 | 893 | 980 | $8.21 |
| CAT | 367 | 12 | 75 | 291 | $6.74 |
| ONT2/CAMV | 106 | 4 | 81 | 22 | ~$5 |
| **加州集群小计** | **5,432** | **181** | 2,318 | 3,076 | ~$7.5 |
| 远仓(NJ/HOU/GA/CHI等) | 1,384 | 46 | — | — | $12-18 |

**PHX 覆盖区（凤凰城都会区 184 个 zip）**

| 仓库 | 30天单量 | 日均 | S/M | Large | 单均差价 |
|---|---|---|---|---|---|
| CAP | 3,054 | 102 | 1,426 | 1,621 | $6.93 |
| CAR | 1,603 | 53 | 534 | 1,060 | $6.66 |
| CAT/ONT2/CAMV | 246 | 8 | 124 | 120 | ~$6 |
| **加州集群小计** | **4,903** | **163** | 2,084 | 2,801 | ~$6.9 |
| 远仓(HOU/CHI/GA/NJ等) | 999 | 33 | — | — | $10-16 |

经济性过滤基本 100% 通过——加州住宅件的 UPS 净成本（住宅费+DAS+燃油后）几乎没有低于 $8.10/$14.60 档位价的，和 Phase III 扫描的 99.2% 一致。远仓部分（NJ→SFO 之类）单均差价虽高，但跨大半个美国拉干线不现实，不计入可切量。

## 经济账（按加州集群、单 CD 一车/天）

| | SFO | PHX |
|---|---|---|
| 月度毛节省（量×差价） | ~$40.7k | ~$34k |
| 月度 Roadie 计费额 | ~$65k | ~$59k |
| 新 SOW 落档 | <$442k → **$1,070/车/天** | 同左 $1,070 |
| 干线月成本（26天） | -$27.8k → **净+$12.9k，很薄** | -$27.8k → **净+$6k，几乎白干** |
| 若按爬坡保护 $470 档 | -$12.2k → **净+$28.5k** | -$12.2k → **净+$21.8k** |

两条结论：

1. **量是够开线的**（单 CD 160-180/天，和 Phase III 的 ORL 378/天比偏小，但一台车装得下），发货集中在 CAP/CAR 两仓，符合""我方集群取货、单点落一个 CD""的规则——SFO 一台车、PHX 一台车，分开跑。
2. **这两条线的生死完全取决于干线价**：按新 SOW 的 $1,070 底档，PHX 基本无利可图；按我们 redline 里的 90 天 $470 爬坡保护，两条线都能站住。这正好是给 Diamond 的现成论据——SFO/PHX 有真实增量（合计 ~34.4万单/年化 12k+/月），但只有干线价合理才推得动。

要不要把这两条线的量数字按 Phase III 那个 Roadie-facing 模板（只给量和尺寸画像、不含成本）加进给 Diamond 的表格里？",我们分析一下，现在UPS ground的量，能够落在Roadie SFO和PHX的有多少？,,请分析当前 UPS Ground 的量中有多少可以落在 Roadie SFO 和 PHX 覆盖区，给出可切换量及必要的分仓/经济性判断。,数据查询与交付,覆盖区可切换量分析,分析报告与量表,成功,无需澄清,已具备,待独立验证,,SFO/PHX 覆盖 zip 清单、仓库分仓和成本价差需复核；后续用户又在 ups_ds.db 中补充了 zipcode 表和费用标记，可能修正本条经济账。,,2026-09-16T02:55:38.137811Z
recovery_20260916T025538_137811Z,case_0005,50fd7909-0f3f-4e86-94fc-a2c0bf6d1b2a,6,在项目ups_ds.db下面我存放了所有的roadie的zipcode表。,,"已核实并记下来了。三个要点：

## 1. 数据源核实：完全一致

`ups_ds.db`（`乐仓运营指标平台/ups-ds/ups_ds.db`）里 `v_roadie_coverage_current`（2026-06-29 刷新，38 个 CD、15,326 行）的 SFO 324 个 zip、PHX 184 个 zip，和我刚才分析用的清单**逐行 diff 一致**——所以前面的量的结论不变。注意上一层目录还有个 0 字节的同名空文件，以后统一用 `ups-ds/` 子目录里这个。这个数据源已写入长期记忆，以后 zip 清单直接从这里导。

## 2. DB 里的费用标记让经济账更准了

DB 比 CSV 多了每个 zip 的费用标记，刚才的差价没扣这些附加费，修正如下（加州集群口径）：

| | SFO | PHX |
|---|---|---|
| 附加费影响 | **全部 324 zip 带 CA $1.50** → 月扣 ~$8.1k | 仅 46 个 rural zip（量占 7.9%，388单）带 RDF $2.40 → 月扣 ~$0.9k，可忽略 |
| 修正后月度毛节省 | ~$32.6k | ~$33.1k |
| 净利 @ $1,070/车/天 | **+$4.8k，基本白干** | **+$5.3k，基本白干** |
| 净利 @ $470 爬坡档 | **+$20.4k** | **+$20.9k** |

修正后结论比之前更极端：**按新 SOW 的 $1,070 底档，SFO 和 PHX 两条线都接近零利润；只有拿到 $470 档（我们 redline 里的 90 天爬坡保护），两条线各 ~$2 万/月净节省才成立**。这是给 Diamond 的最硬论据——不是""我们想压价""，而是""这个价开不了线，$470 才有 SFO/PHX 合计 ~12k 单/月的增量给你""。

## 3. 顺带发现

DB 里还有 `roadie_xd_directory`（38 个 CD 的地址、营业时间、live 状态）和 `actual_ds_lane_zip`/`lane_meta`（现行干线的实际 zip 分配）——下次做新干线选址或核对 Roadie 现行覆盖变化（三个快照：3/10、6/11、6/29）可以直接用它做历史对比，不用再问 Roadie 要表。",在项目ups_ds.db下面我存放了所有的roadie的zipcode表。,,请核实项目 ups_ds.db 中存放的 Roadie zipcode 表，说明可用表/视图、覆盖范围，并评估其对已有 SFO/PHX 等分析及费用口径的影响。,指标与数据资产认知,数据源与口径核实,数据源核实报告,成功,无需澄清,已具备,待独立验证,,DB 路径、表结构和 zip 清单 diff 已由工具证据支持，但费用标记修正后的净省结论仍需重新核算；注意同名空文件风险。,,2026-09-16T02:55:38.137811Z
recovery_20260916T025538_137811Z,case_0006,52350992-7341-4695-93c3-9f9bb67f7233,7,生成一下上周的周报。,,"# FedEx 周报 W/E 9/5 已生成（PPT + PDF，14 页）

**本周是服务面最好的一周，但侵蚀面最差的一周。**

## 好消息：升级投诉全面兑现

- **Local Position Scan 19.94h（−1.71h），首次跌破 20 小时**；24h 率 62.3%（+6.3pp），均为开始跟踪以来最佳
- **四个升级对象全部改善**：SAV +13.0pp 到 60.4%、NJF02 +12.7pp、NJF +8.3pp、CHI +14.7pp 到 62.8%（三周累计收复 27pp，基本回到崩塌前水位）
- **对 UPS 差距收窄到 4.60h / 15.3pp**——历史最好相对位置（也有 UPS 自己在 SAV 崩到 25.1h 的因素）
- 剩余落后仓：**GAE 成为唯一低于 50% 的大仓**（47.1%，26.2h）——隔壁 SAV 刚被修好，证明方案有效，本周的诉求就是把 Savannah 的取件方案延伸到 GAE。HOU07（−9.2pp 到 89.8%）和 SCH（74.4%）列入观察

## 坏消息：非 prepaid 跳升

- **非 prepaid 占比 33.2%（69,566 件），单周 +3.7pp，连续第四周上升**（27.1→28.7→29.5→33.2）
- prepaid 量 −4.6% 的同时，上传面单 +12.8%、平台面单 +14.0%——**史上最大单周背离**。建议在下次和 Chris 通话前，把这一周的增量拆到客户（用之前的清退/整改名单对一下是不是 Tier B 客户在加速外流），需要的话我来做

其他：量走弱 −4.6%（140,083 件，NJF02 −11.3%、CHI −15.6%）；燃油 Sep 7 周双双回落（FedEx 27.00% vs UPS 27.50%，仍便宜 0.5pp）；DS 均值恶化到 32.7h（CAP-NPRS 55.9h、SALT 48.2h）；两页 Open Items（Hub ID 确认、退款电子化）已带上 **""awaiting FedEx response""** 状态延续——如果 FedEx 已答复，告诉我内容我更新状态或撤页。

脚本存为 [build_fedex_weekly_deck_WE_0905.js](build_fedex_weekly_deck_WE_0905.js)，上周列已按惯例重新取数。",生成一下上周的周报。,,生成上周的 FedEx 周报，输出 PPT + PDF，沿用既有周报模板与口径。范围包括：按承运商/仓库/枢纽的包裹量、平均 asc 时效、24h 率，FedEx 与 UPS 对比，货量与面单结构（prepaid / 平台面单 / 上传面单），Direct Shipping 时效，以及最新 FedEx/UPS 燃油附加费；并整理 Open Items。,数据查询与交付,周期性周报/报表生成与交付,PPT+PDF 周报,成功,无需澄清,上下文不足,待重制-上下文案例,,历史回复为 Assistant 自述的周报结果，PPT/PDF 产物与页面结构未在证据中直接验证，不可视为已验证事实。指标口径（asc 平均时效、24h 率、非 prepaid 占比、Direct Shipping、Local Hub 等）来自 metabase 查询与既有周报模板，本 session 未给出模板定义；燃油附加费取自 FedEx/UPS 官网页面快照。'上周'的具体周次需按运行日期确定，resolved_input 中不应写死日期与周次。,,2026-09-16T02:55:38.137811Z
recovery_20260916T025538_137811Z,case_0007,52350992-7341-4695-93c3-9f9bb67f7233,8,"@""/Users/conanlee/Library/Containers/com.tencent.xinWeChat/Data/Documents/xwechat_files/conanlee007_65b2/temp/drag/FedEx_Weekly_issue-9.14_styled.pptx""
结合这个内容，帮我生成上周的周报。",,"# FedEx 周报 W/E 9/12 已生成（14 页，PPT + PDF），物流组新 Issue 已整合

## 本周三条主线

1. **量大跌但结构更刺眼**：prepaid 发货 125,528 件（−10.4%，Labor Day 后一周），NJF −21.6%、SCH −33.4%；但**上传面单逆势 +12.1%**——非 prepaid 占比飙到 **38.1%（77,315 件），连续第五周上升**。备注页里加了一个关键拆解：FedEx 总量其实只跌了 3.2%，prepaid 跌 10.4% 的大头是**面单迁移而非需求下滑**。这个数字快到 4 成了，建议尽快做客户级下钻并和 Chris 摊牌。
2. **NJ 走廊四周升级彻底修复**：NJF 14.30h / **91.7%**（+29pp）、NJF02 14.78h / 72.5%（+33.3pp）——从全网最差到第一梯队，升级流程的完整成功案例。24h 率全网 66.2% 也创新高。
3. **Savannah 走廊崩了**：SAV 35.4%（−25pp，上周的改善全部回吐）、GAE 41.4%，双双跌破 45%——deck 里的诉求就是""照 NJ 的方案原样复制到 Savannah""。CAR（−20.9pp）、CHI（−11.7pp）二次下滑也进了 watch list。

对 UPS 差距缩到历史最小 **+3.46h**（UPS 自己在 CAP 崩了 8 小时）；燃油 Sep 14 周双双大涨 1pp（FedEx 28.00% vs UPS 28.50%）。

## Open Items（物流组文件已整合）

- **Issue 1（Hub ID 确认）**：carry-over，标注 ""awaiting FedEx response (3rd week)""——三周没回复了，下次会议值得点名
- **Issue 2（新，Sep 14）**：「争议退款支票状态不明」——按物流组内容重建：申诉成功≠收到钱、支票无状态可查、邮件+订单明细已发无实质回复，三张 visibility-gap 卡片 + ASK（逐张支票确认 mailed/delivered/cashed 状态并给补发方案），页脚注明它是 8/31 电子退款诉求的升级，原诉求继续有效

脚本存为 [build_fedex_weekly_deck_WE_0912.js](build_fedex_weekly_deck_WE_0912.js)，物流组原件留档 `logistics_issue_914.pptx`。上周列（W/E 9/5）已按惯例回填重取。","@""/Users/conanlee/Library/Containers/com.tencent.xinWeChat/Data/Documents/xwechat_files/conanlee007_65b2/temp/drag/FedEx_Weekly_issue-9.14_styled.pptx""
结合这个内容，帮我生成上周的周报。",,结合随附的物流组文件 FedEx_Weekly_issue-9.14_styled.pptx 的内容，生成上周的 FedEx 周报（PPT + PDF），沿用既有周报模板与口径（货量、面单结构、时效与 24h 率、FedEx/UPS 对比、燃油附加费），并将该文件中的 Issue 整合进周报的 Open Items。,数据查询与交付,周期性周报/报表生成与交付,PPT+PDF 周报,成功,无需澄清,上下文不足,待重制-上下文案例,,与上一个 Case 属同一周报系列的不同周次，数据与诉求独立，故拆开。历史回复为 Assistant 自述，PPT/PDF 产物、14 页结构及 Issue 卡片细节未在证据中直接验证。随附物流组文件的具体内容未在 session 中完整呈现，'按物流组内容重建 Issue' 的忠实度需人工核对。指标口径与模板来自既有上下文与 metabase 查询，'上周'周次不得在 resolved_input 中写死。,,2026-09-16T02:55:38.137811Z
recovery_20260916T025538_137811Z,case_0008,c96bc720-1125-4709-8751-3064225c1af7,9,帮我分析一下，FedEx的upload label中，有多少是平台面单，有多少是其他第三方乱七八糟账号的。,,"## FedEx 全结构拆解（近6个月 2026-03-09~09-09，美国仓 TOC，`dwm_tra_toc_outbound_hi`）

**FedEx 总量：593.0 万件**

| 渠道 | 件数 | 占比 | 说明 |
|---|---:|---:|---|
| ① Prepaid（常规，乐仓账号出单） | 4,466,206 | 75.3% | 我们的 FedEx 协议账号 |
| ② Upload（上传面单） | 1,245,807 | 21.0% | 客户自传 PDF 面单 |
| ③ 3rd（系统第三方平台，bill to 3rd party） | 218,468 | 3.7% | 100% 平台付费账号 |

### ② Upload 上传面单拆细（124.6万件）

| 类别 | 平台 | 件数 | 占Upload |
|---|---|---:|---:|
| **平台下载面单** 小计 | | **911,665** | **73.2%** |
| | Wayfair | 523,644 | 42.0% |
| | Temu | 334,469 | 26.8% |
| | The Home Depot | 19,815 | 1.6% |
| | TikTok | 12,976 | 1.0% |
| | Walmart | 8,927 | 0.7% |
| | Amazon | 5,886 | 0.5% |
| | Overstock | 3,287 | 0.3% |
| | Lowes | 1,518 | 0.1% |
| | eBay | 1,015 | 0.1% |
| | Shein/Target/Chewy/Macys 等 | 128 | 0.0% |
| **来源不明（疑似客户自有/货代 FedEx 账号）** 小计 | | **334,142** | **26.8%** |
| | 平台=OTHER | 275,451 | 22.1% |
| | 平台字段空/null | 58,531 | 4.7% |
| | Shopify 独立站 | 160 | 0.0% |

**来源不明的 33.4 万件，客户集中度较高**，Top 20 客户占 27.4 万件（82%）：SWWL 一家 12 万件（占不明来源的 36%），NBKMC 22,811、GZMB 17,592、NBYB 12,575、SGSY 10,996 等。

### ③ 3rd 系统第三方平台参考拆分（21.8万件）
Wayfair 88,840、Home Depot 22,290、Lowes 4,696、Walmart 781、Chewy 489，另有 OTHER/空 101,015（46%）。

**口径说明**：数仓不存上传面单的 FedEx 账号号码，“平台下载面单”是按订单来源平台判断的代理口径。Wayfair/Temu 订单基本可确定是平台账号面单；OTHER/空的部分要精确归属需拉面单原始数据或按 tracking 号段反查。","帮我分析一下，FedEx的upload label中，有多少是平台面单，有多少是其他第三方乱七八糟账号的。
---
我们有上传面单和第三方平台。现在只分析上传面单部分。因为在上传面单里面还有一些是客户自己从第三方平台下载的，然后上传给我们。不是用bill to 3rd party。

系统里的第三方平台，是100% bill to 3rd party
---
你把整个结构拆解一下，pre-paid，upload，第三方。然后把upload里面也继续拆细。我们要看到明细。",,分析 FedEx 上传面单（upload，客户自行上传的 PDF 面单）的构成：按订单来源平台拆分，区分平台面单（平台账号出的面单）与其他第三方/客户自有或货代 FedEx 账号面单。同时拆解 FedEx 整体结构（prepaid 乐仓协议账号、upload 上传面单、第三方平台 bill to 3rd party），并将 upload 部分继续拆细到平台与客户明细。用户确认的口径：系统内第三方平台 100% 为 bill to 3rd party；上传面单中存在客户从第三方平台下载后自行上传（非 bill to 3rd party）的部分。,业务分析与决策,面单渠道与第三方账号结构分析,分析报告（分渠道/平台明细表）,成功,已完成澄清,已具备,待独立验证,,风险与证据边界：1) 时间范围（近6个月 2026-03-09~09-09）、“美国仓/TOC”等口径均为 Assistant 自主选定，未经用户确认，resolved_input 未纳入。2) Turn1 使用 dwm_lt_express_h（pay_type=2）得上传面单 21.8 万件，Turn2/3 改用 dwm_tra_toc_outbound_hi（express_mode='上传面单'）得 124.6 万件，同一问题两次结果口径不一致，需人工确认哪张表/哪个口径正确。3) “平台面单”是按订单来源平台（platform 字段）推断的代理口径，数仓无面单账号字段，Amazon/Walmart/TikTok 等卖家自购面单可能被误归为平台面单。4) 所有件数与占比均来自历史工具输出，未经独立复算，不能直接作为 Gold。5) Turn2 用户对“上传面单 / 第三方平台”的口径澄清是本案例合并的关键。,,2026-09-16T02:55:38.137811Z
recovery_20260916T025538_137811Z,case_0009,c96bc720-1125-4709-8751-3064225c1af7,10,分析一下NJF01和NJF02的FedEx zone分区情况,,"## NJF01 vs NJF02 — FedEx 销售分区分布（近6个月，2026-03-09~09-09）

注：NJF01 在系统里的仓库代码是 `NJF`。口径：`dwm_lt_express_h`，carrier=FEDEX（不含 FEDEX-SFP），`sales_zone_code`。

| Zone | NJF01 件数 | 占比 | NJF02 件数 | 占比 |
|---|---:|---:|---:|---:|
| 2 | 149,582 | 27.9% | 159,015 | 25.2% |
| 3 | 104,260 | 19.5% | 121,372 | 19.2% |
| 4 | 114,975 | 21.5% | 145,109 | 23.0% |
| 5 | 119,369 | 22.3% | 145,433 | 23.1% |
| 6 | 20,951 | 3.9% | 26,452 | 4.2% |
| 7 | 6,041 | 1.1% | 8,122 | 1.3% |
| 8 | 20,191 | 3.8% | 25,229 | 4.0% |
| 小计（有分区） | 535,369 | 100% | 630,732 | 100% |
| 无分区（null） | 53,685 | — | 30,735 | — |
| **总计** | **589,054** | | **661,467** | |

要点：两仓分区结构几乎一致，Zone 2-4 都占约 67-69%，Zone 5 各占 23% 左右，Zone 6-8 远距离合计只有 9% 上下。加权平均 Zone：NJF01 ≈ 3.73，NJF02 ≈ 3.82。NJF01 有 5.4 万件（9.1%）无分区记录，NJF02 是 3.1 万件（4.6%）。",分析一下NJF01和NJF02的FedEx zone分区情况,,分析 NJF01 与 NJF02 两个仓库 FedEx 发货的销售分区（zone）分布，对比两仓各 zone 的件数与占比。,数据查询与交付,仓库销售分区分布统计,分析报告（分区分布对比表）,成功,需要澄清,已具备,待独立验证,,风险与证据边界：1) 时间范围（近6个月 2026-03-09~09-09）与“carrier=FEDEX 不含 FEDEX-SFP”口径均由 Assistant 自主选定，用户未确认。2) NJF01→系统仓库代码 NJF 的映射由 Assistant 自行推断（先查 NJF01/NJF02 无果后改查 NJF），需人工确认 NJF02 是否也有类似映射。3) 无分区（null）记录的归集方式会影响占比分母，需确认。4) 件数与占比均来自历史 SQL 输出，未经独立复算，不能直接作为 Gold。5) 原问题未明确 zone 字段/时间范围/是否含无分区单，属于需要澄清的案例。,,2026-09-16T02:55:38.137811Z
recovery_20260916T025538_137811Z,case_0010,d3a50131-357d-4f42-ae9c-77721bc25abf,11,我们继续分析一下2B订单。从2B订单中拿出来里面的单件商品。我需要所有发货单件商品的重量和尺寸的清单。,,"清单已发你。

## 口径

- **周期**：2026-06-10 ~ 09-10 出库（滚动3个月）的 2B 订单
- **来源**：`dwd_tra_tob_order_detail_h`（TOB 发货明细，仅 DWD 层有此明细，无 DWS 等价表）关联 `dim_warehouse_good_hf`（货品维表）
- **规模**：6,279 个 SKU（客户级去重），共发货 287,208 件；明细 sheet 保留到仓库粒度 7,782 行

## 表结构（两个 sheet）

1. **SKU清单(客户级)**：客户ID、乐仓编码、货品名称、品类 + **申报长/宽/高/毛重（OMS，cm/kg）** + **实测长/宽/高/毛重（WMS 入库测量，cm/kg）** + 大小件标记 + 近3月发货件数、订单数
2. **仓库x客户xSKU明细**：同字段带发出仓库维度（同一 SKU 在不同仓的测量值可能略有差异）

## 数据质量

- 维表匹配率 98.9%（88 个组合无匹配，多为已删档货品）
- 仅 80 个 SKU 缺 WMS 实测尺寸——**建议分析时优先用实测列**，申报值是客户自报、有低报动机
- 抽样看单位是 cm/kg（如 92×91.4×4.7cm / 7.2kg 的桌板），如果你要对接 4Dock 自动化设备选型（贴标机/分拣机开口尺寸），我可以再加一列英寸/磅换算

需要的话我可以接着做尺寸分布分析（比如按长边/围长/重量分档，看多少比例能走自动化线）。","我们继续分析一下2B订单。从2B订单中拿出来里面的单件商品。我需要所有发货单件商品的重量和尺寸的清单。
---
定一个周期，最近3个月，不然太多了。",,从 2B 订单中提取其中的单件商品，输出以会话发生时间为基准的最近 3 个月（会话时间为 2026-09-10）内所有已发货单件商品的重量和尺寸清单。交付物为清单文件/表格，包含商品重量和尺寸字段。,数据查询与交付,明细清单提取,Excel/表格清单,成功,无需澄清,不需要,待独立验证,,历史回复声称已发送清单，并给出周期、来源表、规模和数据质量说明，但会话中未见实际文件内容；工具证据显示曾执行 SQL 查询，其中一次因 good_en_name 字段错误失败，后改用 good_name 得到超长结果并保存到文件，最终交付物完整性无法从会话直接验证。用户输入未明确定义“单件商品”的业务口径、重量/尺寸取申报值还是实测值，也未明确最近3个月的具体日期边界；这些口径已在历史回复中被 Assistant 自行确定，不能作为 Gold，需人工复核。,,2026-09-16T02:55:38.137811Z
recovery_20260916T025538_137811Z,case_0011,01a09ded-31eb-72c3-bc47-03f2d53c82c4,12,必须调用 Metabase MCP 做一次只读搜索，搜索关键词 test，禁止创建、修改或执行 SQL；只输出调用是否成功和返回结果数量，不输出业务数据。,,调用成功；返回结果数量：31。,必须调用 Metabase MCP 做一次只读搜索，搜索关键词 test，禁止创建、修改或执行 SQL；只输出调用是否成功和返回结果数量，不输出业务数据。,,使用 Metabase MCP 执行一次只读搜索，关键词为 test，仅返回调用是否成功与结果条数。,工具与能力咨询,数据工具连通性/权限冒烟验证,校验结论（调用成功与否 + 结果数量）,成功,无需澄清,不需要,拒绝入集,该请求是以固定关键词 test 对 Metabase 搜索工具做的连通性/权限冒烟测试，只要求输出调用是否成功与结果条数，明确不输出业务数据，未涉及真实数据查询、指标口径、数据资产或业务分析目标，属于规则中应过滤的测试类任务。,"证据边界：工具证据显示先枚举 MCP 工具（前缀包含 mcp__metabase），再调用 mcp__metabase__search({term_queries:['test']}) 并返回 {success:true, result_count:31}，与 Assistant 回复一致，可确认调用行为真实发生。风险提示：结果数量 31 由脚本从结构化返回中提取，未展示原始返回体，无法独立核验计数口径（如 total_count 是否等于实际命中数）；关键词 test 无业务含义，即使保留也不具备可评分的数据分析价值。若业务方认为『数据访问能力验证』应保留，需补充明确的验证目标与判定标准后再入集。",,2026-09-16T02:55:38.137811Z
recovery_20260916T025538_137811Z,case_0012,01a04788-a3b6-7fd3-b43c-63681b42faff,13,"测试已经成功，再次确认一下，如果我点击保存，1.提示保存新的 SSO 配置将使您退出登录并跳转到登录页面。请先测试您的配置，以免被锁定。
新的登录是否兼容旧的
2.新生成的OIDC 登录后生成的 OpenMetadata 用户名   指的是如果我用casdoor身份登录Openmetadata，统一都会使用固定的用户名吗

（后续以 Response annotations 形式对回复中“会被 Casdoor OIDC 替代”一句发起的标注追问，标注正文被截断）",,"可以保存，但要明确：这是“切换登录方式”，不是兼容两套登录。
1. 旧登录是否兼容：保存后，普通用户名/密码登录入口会被 Casdoor OIDC 替代；原有 OpenMetadata 用户、权限和数据不会删除；只有 OIDC 生成的用户名与旧用户名完全相同，才会继续使用旧用户；保存前确认 Admin Principals 包含指定管理员账号。
2. 是否所有人共用固定用户名：不是，是“固定生成规则”而不是“固定一个账号”。当前 email 排在第一位，因此不同邮箱会分别生成独立的 OpenMetadata 用户名（如 l20378@loctek.com → l20378，l16421@loctek.com → l16421），每个 Casdoor 用户首次登录自动创建 OpenMetadata 用户并绑定默认角色“海外仓AI用户”；如果原 OpenMetadata 用户叫 chenqiyue，新登录得到 l20378，两者会被视为两个不同用户。
（对标注追问的回复）不能。保存为 Custom OIDC 后，原来的 OpenMetadata 本地账号不能再用密码登录。原用户数据仍保留，但要继续使用该用户，必须让 Casdoor 登录后生成的用户名与旧 OpenMetadata 用户名完全一致；否则会新建用户。如果必须恢复本地账号密码登录，只能把认证方式改回 basic。","测试已经成功，再次确认一下，如果我点击保存，1.提示保存新的 SSO 配置将使您退出登录并跳转到登录页面。请先测试您的配置，以免被锁定。
新的登录是否兼容旧的
2.新生成的OIDC 登录后生成的 OpenMetadata 用户名   指的是如果我用casdoor身份登录Openmetadata，统一都会使用固定的用户名吗
---
# Response annotations: 每个条目包含一段此前回复中被选中的文字及用户评论，按数组顺序视为 Annotation 1……<response-annotations>[{""text"":""会被 Casdoor OIDC 替代""...}]（标注正文被截断）",,在 OpenMetadata 2.0 中把认证方式保存为 Casdoor 自定义 OIDC 后：(1) 原有的 OpenMetadata 本地用户名/密码登录是否还能继续使用？原用户及其权限数据是否保留？(2) 通过 Casdoor OIDC 登录时生成的 OpenMetadata 用户名是否为所有用户共用的同一个固定值？其生成规则由什么决定？,工具与能力咨询,数据平台身份与权限机制咨询（OIDC 用户名生成与本地登录兼容性）,结论式技术说明,成功,无需澄清,已具备,待独立验证,,范围判定：本会话主题为数据平台（OpenMetadata）的身份/权限与访问连续性咨询，按“数据访问能力/数据资产权限”边界保留；若审核口径将 SSO 鉴权配置整体归入“密钥与鉴权/安装配置”排除项，则本 Case 应改判拒绝入集。证据边界：输入含系统生成的 Response annotations 包装文本，注释正文被截断，仅保留被选中的原句；Assistant 关于“保存后本地密码登录不可用”“用户名按 claims 顺序生成、每人独立创建”的结论来自其自身陈述及其内部 MEMORY.md 记忆，本次会话未通过真实登录复现，MEMORY.md 为自建记忆不能作为已核验事实；应使用对应版本 OpenMetadata 源码或测试环境独立验证后再作为 Gold。,,2026-09-16T02:55:38.137811Z
recovery_20260916T025538_137811Z,case_0013,01a04788-a3b6-7fd3-b43c-63681b42faff,14,"这似乎不太对吧，如果我要用这个，是不是代表现在的Openmetadata 用户数据需要迁移过去？或者能否兼容？现在om是线上应用非本地，看看有什么影响面小的方案？

（后续以 Response annotations 形式对回复中“推荐方案：身份映射复用旧用户……”一段发起的标注追问，提问是否需要 Gateway，标注正文被截断）",,"你判断得对：这不是无感切换。线上最小影响方案是“复用原 OpenMetadata 用户”，不是迁移用户数据到 Casdoor。
推荐方案：身份映射复用旧用户——让 Casdoor 返回的身份声明中把用户名映射为原 OpenMetadata 用户名、邮箱仍用邮箱，并在 OpenMetadata 配置相应的 Jwt Principal Claims Mapping（username 取 preferred_username、email 取 email）；登录时 OpenMetadata 按用户名查找已有用户，命中即复用，原有 Role、Team、资产 Owner 等关系不需要迁移。若继续使用 email 优先，会按邮箱前缀新建用户，不会自动绑定旧用户，此时才需要迁移权限和资产关系。
影响最小的两个选择：1）如果只有 MCP 需要 Casdoor，则不要保存 OpenMetadata SSO，保留线上 Basic 登录，由 Gateway 验证 Casdoor、下游继续使用 Bot JWT；2）如果整个 OpenMetadata 都要使用 Casdoor，先完成“preferred_username → 原 OM 用户名”的映射再切换。OpenMetadata 官方明确说明不能同时启用 Basic 和 SSO。
（对标注追问的回复）可以不用 Gateway：Casdoor 只负责证明“你是谁”，OpenMetadata 继续保存用户、角色、策略和资产权限。但有一个重要修正：在 OpenMetadata 2.0 的 code 登录流程中，不能只靠 Use Roles From Provider 就认定 Casdoor 角色会自动写入 OpenMetadata 用户。完整登录流程为：用户 → OpenMetadata → 跳转 Casdoor 登录 → Casdoor 返回 authorization code → OpenMetadata 换取 ID Token → 从 Token 提取用户名和邮箱 → 查找或创建 OpenMetadata User → OpenMetadata 签发自己的 JWT → 根据 OpenMetadata 中的 Role → Policy 判断权限；最终 AI 客户端连接 MCP 时拿到的是 OpenMetadata 签发的用户 JWT。OpenMetadata 按“用户名”查找已有用户，而不是按 Casdoor 用户 ID 查找。","这似乎不太对吧，如果我要用这个，是不是代表现在的Openmetadata 用户数据需要迁移过去？或者能否兼容？现在om是线上应用非本地，看看有什么影响面小的方案？
---
# Response annotations: 每个条目包含一段此前回复中被选中的文字及用户评论，按数组顺序视为 Annotation 1……<response-annotations>[{""text"":""推荐方案：身份映射复用旧用户例如原 OpenMetadata 用户是：""...}]（标注正文被截断）",,线上部署（非本地）的 OpenMetadata 2.0 若把登录方式从本地 Basic 切换为 Casdoor 自定义 OIDC：现有 OpenMetadata 用户、角色、Team 与资产 Owner 归属关系是否需要迁移？能否在不迁移用户数据的前提下复用既有用户？请给出影响面最小的切换方案，并说明需要调整哪些身份映射相关配置项及其作用；同时说明不经 Gateway 的方案是否可行、以及角色是否会自动从身份提供方同步。,数据工程与技术处理,数据平台身份/权限迁移影响评估与最小影响切换方案设计,影响评估与实施方案说明,成功,无需澄清,已具备,待独立验证,,范围判定同前：保留理由是其涉及数据目录平台用户/角色/策略到数据资产权限的连续性与最小影响方案；若审核将 SSO/OIDC 鉴权配置归入排除项，应改判拒绝入集。证据边界：整个 session 因长度限制被截断到 60000 字符，多个 tool 输出（源码片段、MEMORY.md 检索结果）亦被截断，无法完整核验；Assistant 引用的源码行号与 GitHub 链接属其自述证据，非独立验证结论；“按用户名复用即可保留 Role/Team/Owner”“不能同时启用 Basic 与 SSO”“Use Roles From Provider 不会自动写入角色”等均为待验证主张，需用对应版本源码或灰度环境复现；会话中出现具体用户名/邮箱示例（如 chenqiyue、l20378@loctek.com），仅为上下文示例，不得作为通用映射规则或 Gold 口径；会话中还存在大量 user/assistant 为 null 的空 turn，说明预览数据不完整。,,2026-09-16T02:55:38.137811Z
recovery_20260916T025538_137811Z,case_0014,4a95cf68-50f3-4dfd-9da1-8f07f7ae068f,15,"@""/Users/conanlee/Library/Containers/com.tencent.xinWeChat/Data/Documents/xwechat_files/conanlee007_65b2/temp/drag/UPS_Weekly_issue-9.14_styled_v2.pptx""
结合这个内容，帮我生成上周的周报。",,"**上周周报已交付**：[UPS_Weekly_Review_WE_0912.pptx](UPS_Weekly_Review_WE_0912.pptx) + PDF，18 页，validate 与逐页视觉 QA 通过。

**本期数据（W/E 9/5 vs W/E 9/12）——连续第 4 周创纪录，且有两个结构性大事件**：

1. **量 108,521（+7.7%）**：GAE +31.4%、HOU05 +27.9%、NJF +11.2%
2. **Roadie 提前 3 周跨过 Phase II**：24,225/周 = 20K 承诺的 **121%**（Phase I 269%），4 周暴涨 47%。新开 **BOS**（首周即 98.0% 24h 率，史上最佳开局）和 **DCA** 两个 metro，NYC 创纪录 11.7h/88.9%。Ramp 页改写为""我方已提前交付——杠杆转向服务质量与账务问题""，直接挂钩 Issue 4 的费用减免诉求
3. **GAE 一周上线 7 条 DS lane**（267→8,647 件），DS 总量跳涨 60% 至 22,470；DS 页重构为""GAE Network Launch""专题（origin 汇总表 + GAE 7 lane 明细）
4. **扩张的服务债**：Roadie PHL 崩了（29.7h/29.3%）、Dallas 33.4%、Houston 41.8%——写进摘要作为对 UPS 的施压点
5. **Local 时效回落（16.72h/69.9%）带了显著 caveat**：周六刚结束、周五六扫描仍在回填，摘要和 CAP（-38.2pp）的 watch list 条目都标注""下周复核后再升级""，避免拿未成熟数据去找 UPS 吵架
6. 燃油：9/14 当周 UPS 28.50% / FedEx 28.00%（官网核实，**缓存文件已回写 9/7 和 9/14 两周**，FedEx 周报会话可直接用），UPS 连续第 8 周高于 FedEx

**物流组 4 个问题**（第 12–15 页，统一模板 + ASK 横幅）：Net 7→Net 30 生效时点确认（$304,826 发票、9 天账期卡片对比）；2026 申诉 **$778,391 / 13,285 单**零回复（五类附加费明细表，Large Package 占 67.7%）；理赔退款明细（标注""**连续第二期无进展**""作为升级信号）；Roadie 账户独有 **$53,214** Pay Processing Fee——这页我把措辞和 Ramp 页联动了：""Roadie 量刚提前达标，这笔说不清的费用是合理的 giveback 诉求""。

手册记忆已更新网络快照（9 metro、22 DS lane、Phase II 已达标的叙事转向）。下周做周报时这些上下文自动带上。","@""/Users/conanlee/Library/Containers/com.tencent.xinWeChat/Data/Documents/xwechat_files/conanlee007_65b2/temp/drag/UPS_Weekly_issue-9.14_styled_v2.pptx""
结合这个内容，帮我生成上周的周报。",,结合提供的周报模板文件（UPS_Weekly_issue-9.14_styled_v2.pptx），沿用其结构、指标与版式，生成本期 UPS 周报并输出可交付文件（PPTX，必要时附 PDF）。,数据查询与交付,周报生成与报表数据交付,周报演示文稿（PPTX/PDF）,成功,无需澄清,已具备,待独立验证,,报告内数据来自 Metabase SQL（dwm.dwm_lt_express_h 等）与官网网页抓取，Assistant 的汇总叙述与结论均未经独立验证；'上周'的具体周期由模板文件名与查询区间推断，用户未明确确认；燃油等网页抓取数据需复核。模板已提供，故 context 已具备。,,2026-09-16T02:55:38.137811Z
recovery_20260916T025538_137811Z,case_0015,4a95cf68-50f3-4dfd-9da1-8f07f7ae068f,16,看一下FedEx周报那边是不是也有这个bug,,"**FedEx 周报排查完毕，结论：页面数字全部正确，没有 UPS deck 那个 bug。** 汇总：

| 检查项 | 结果 |
|---|---|
| 主表 TOTAL Δ | ✅ 本来就是自动计算（`TOT.aW2 - TOT.aW1`），无硬编码 |
| 两周时效同为 20.04h | ✅ 独立复算确认是**真实巧合**（W1 20.04 / W2 20.04，24h 率 62.3%→66.2% 同样吻合），不是漏改 |
| 24h 率总计 `+3.9 pp`（硬编码） | ✅ 数值正确（66.2−62.3） |
| DS 页总计 `-1.76`（硬编码） | ✅ 数值正确（32.15−33.91） |
| DS 页 speaker note | ⚠️ 唯一瑕疵：残留上期数字（""29.96h/-2.48h""，本期实为 32.15h/-1.76h）——观众不可见，但照稿讲会念错 |

已做的处理：修复过期 note；两处硬编码总计格改成与 UPS deck 相同的自动计算式（防御性根治，页面渲染值不变）；重建后 validate 通过，修订版已发你（可见内容与上午版本完全一致，可放心覆盖）。

这条""**TOTAL 行 Δ 格禁止硬编码、speaker notes 数字随数据更新**""的铁律已写进手册记忆，两边周报的脚本模板从下期起都带着这个约束。",看一下FedEx周报那边是不是也有这个bug,,排查 FedEx 周报（生成脚本及交付文件）是否存在与此前 UPS 周报中相同的 bug，逐项用实际数据复算核对，并对确属问题的部分进行修复、重新生成并校验。,数据工程与技术处理,报表数据质量核查/脚本缺陷修复,缺陷排查结论与修正版报告,成功,需要澄清,上下文不足,待重制-上下文案例,,用户所指'这个 bug'未在本 session 内定义，来自前序上下文（UPS deck 的缺陷）；resolved_input 依赖 Assistant 的复算与自查项推断，具体缺陷类型需补充上游上下文才能独立复现与评分；修复后数字与 note 修正结果需独立验证。属于数据质量问题，予以保留。,,2026-09-16T02:55:38.137811Z
recovery_20260916T025538_137811Z,case_0016,4a95cf68-50f3-4dfd-9da1-8f07f7ae068f,17,这个表格要做一下排序。排序可以按照美东、美中、美南去做聚合。我们是更多的仓群，不然看不清楚数据的实际情况。,,"**分仓表已改为仓群分组版式并交付。** 结构：

- **仓群小计行**（深色底、加粗，量和时效都是包裹加权聚合）+ **成员仓缩进明细行**，按仓群本周量降序；CHI/CAT/MEM 这类单仓仓群合并成一行不占两行
- 仓群划分用的是**维度表官方字段** `warehouse_group_name`（纽约/洛杉矶/萨凡纳/休斯顿/芝加哥/奥克兰/孟菲斯七个仓群），不是我自行归类；唯一例外是 **CAMV（Moreno Valley, CA）在维度表里还没维护归属**，暂放洛杉矶仓群并加了脚注——这个建议让数仓把维度补上

聚合之后仓群层的故事一眼可见，比 15 行平铺清楚得多：

| 仓群 | 本周量 | WoW | Local 时效 | 读法 |
|---|---|---|---|---|
| 纽约 | 34,343 | +4.8% | 11.92h（+0.07） | 量最大且服务最稳的基本盘 |
| 洛杉矶 | 27,783 | +9.0% | 20.35h（**+7.43**） | 量涨但服务恶化，全是 CAP 拖的 |
| 萨凡纳 | 17,660 | **+22.9%** | 21.26h（持平） | GAE DS 转型驱动的增长极 |
| 休斯顿 | 17,302 | +12.3% | 16.61h（**-1.62**） | 唯一量增+服务同时改善的仓群 |
| 芝加哥 | 10,121 | -9.7% | 15.38h（+4.76） | 量缩服务降，双弱 |

这个版式已记入手册作为固定模板，下期自动沿用（含 CAMV 归属待维护的提醒——维度表补了之后会自动跟随官方归属）。",这个表格要做一下排序。排序可以按照美东、美中、美南去做聚合。我们是更多的仓群，不然看不清楚数据的实际情况。,,将周报中的分仓表按仓群（warehouse group，而非仅按美东/美中/美南三大区）聚合并排序展示，采用仓群小计 + 成员仓明细的层级结构，使各仓群的数据情况一目了然；仓群归属以维度表中的官方仓群字段为准。,数据查询与交付,分仓表仓群聚合与排序,仓群聚合排序后的分仓表,成功,无需澄清,已具备,待独立验证,,仓群划分使用维度表 warehouse_group_name，但 CAMV 在该维度表未维护归属（被暂行归入洛杉矶仓群），存在口径风险；排序键（本周量降序）与加权方式由 Assistant 自行选择，用户未明确确认；聚合后各仓群数值需独立复算。,,2026-09-16T02:55:38.137811Z
